Funder,Policy,Cached,2022,2023,2024,Overall
National Natural Science Foundation of China,http://ir.nsfc.gov.cn/statement,/mandates/nsfc_cn-2021-02-13-cn.pdf,55%,52%,49%,52%
US National Institutes of Health,https://publicaccess.nih.gov/policy.htm,/mandates/nih-2021-02-13.pdf,74%,75%,73%,74%
European Commission,https://ec.europa.eu/info/funding-tenders/opportunities/docs/2021-2027/common/agr-contr/general-mga_horizon-euratom_en.pdf,/mandates/horizon-europe-eu-2021-08-14-en.pdf,90%,90%,90%,88%
US National Science Foundation,https://www.nsf.gov/pubs/2015/nsf15052/nsf15052.pdf,/mandates/nsf-2021-02-13.pdf,72%,73%,73%,64%
German Research Foundation,https://www.dfg.de/formulare/2_012e/2_012e.pdf,/mandates/dfg_de-2021-02-13-en.pdf,80%,81%,84%,63%
Government of Spain,https://www.boe.es/boe/dias/2011/06/02/pdfs/BOE-A-2011-9617.pdf,/mandates/boe_es-2021-02-13-es.pdf,87%,88%,88%,82%
US Department of Energy,https://www.osti.gov/pages/faqs#what-is-doe-public-access,/mandates/doe-2021-06-29.pdf,75%,75%,74%,72%
Natural Sciences and Engineering Research Council of Canada,http://www.science.gc.ca/eic/site/063.nsf/eng/h_F6765465.html,/mandates/nserc_ca-2021-02-13-en.pdf,63%,66%,72%,58%
"Department of Science & Technology, India",http://www.dst.gov.in/sites/default/files/APPROVED%20OPEN%20ACCESS%20POLICY-DBT%26DST%2812.12.2014%29_1.pdf,/mandates/dst_in-2021-02-13.pdf,55%,53%,50%,58%
US Department of Defense,https://www.esd.whs.mil/Portals/54/Documents/DD/issuances/dodi/320012p.pdf?ver=2018-12-17-130508-423,/mandates/dod-2021-02-13.pdf,55%,56%,52%,51%
Chinese Academy of Sciences,http://english.cas.cn/resources/archive/news_archive/nu2014/201502/t20150217_140703.shtml,/mandates/cas_cn-2021-02-13-en.pdf,64%,62%,59%,62%
Government of Italy,https://www.gazzettaufficiale.it/atto/serie_generale/caricaArticolo?art.progressivo=0&art.idArticolo=4&art.versione=1&art.codiceRedazionale=13G00135&art.dataPubblicazioneGazzetta=2013-08-09&art.idGruppo=1&art.idSottoArticolo1=10&art.idSottoArticolo=1&art.flagTipoArticolo=0,/mandates/gov_it-2021-02-13-it.pdf,86%,88%,86%,83%
"Fundação para a Ciência e a Tecnologia, Portugal",https://www.fct.pt/documentos/PoliticaAcessoAberto_Publicacoes.pdf,/mandates/fct_pt-2021-02-13-pt.pdf,79%,82%,82%,77%
UK Engineering and Physical Sciences Research Council,https://www.ukri.org/wp-content/uploads/2022/07/UKRI-28072022-Final_UKRI-Open-Access-Policy_Version-1.5_July-2022.pdf,/mandates/ukri_uk-2022-12-21.pdf,92%,93%,93%,90%
Swiss National Science Foundation,https://www.snf.ch/SiteCollectionDocuments/snsf-general-implementation-regulations-for-the-funding-regulations-e.pdf,/mandates/snsf_ch-2025-08-24-en.pdf,93%,89%,89%,87%
Canadian Institutes of Health Research,http://www.science.gc.ca/eic/site/063.nsf/eng/h_F6765465.html,/mandates/cihr_ca-2021-02-13-en.pdf,76%,79%,81%,65%
Australian Research Council,https://www.arc.gov.au/sites/default/files/2022-06/Open%20Access%20Policy%20Version%202021.1.pdf,/mandates/arc_au-2021-02-13.pdf,78%,83%,86%,78%
Agence Nationale de la Recherche,https://anr.fr/fileadmin/documents/2021/PA_ANR_2022_-_V1.1_5.pdf,/mandates/anr-fr-2022-onwards-2021-09-04-fr.pdf,93%,93%,92%,91%
"National Institute for Health Research, UK",https://www.nihr.ac.uk/documents/nihr-open-access-policy/28999,/mandates/nihr_uk-2021-10-11.pdf,65%,62%,58%,58%
US National Aeronautics and Space Administration,https://www.nasa.gov/sites/default/files/atoms/files/206985_2015_nasa_plan-for-web.pdf,/mandates/nasa-2021-02-13.pdf,71%,73%,73%,68%
UK Medical Research Council,https://www.ukri.org/wp-content/uploads/2022/07/UKRI-28072022-Final_UKRI-Open-Access-Policy_Version-1.5_July-2022.pdf,/mandates/ukri_uk-2022-12-21.pdf,80%,70%,65%,84%
"Federal Ministry of Education and Research, Germany",https://www.bmbf.de/SharedDocs/Publikationen/de/bmbf/1/24102_Open_Access_in_Deutschland.pdf?__blob=publicationFile&v=5,/mandates/bmbf_de-2021-02-13-de.pdf,85%,84%,86%,82%
"Council of Scientific and Industrial Research, India",http://www.csircentral.net/mandate.pdf,/mandates/csir_in-2021-02-13.pdf,56%,53%,50%,60%
Wellcome Trust,https://wellcome.org/grant-funding/guidance/open-access-guidance/open-access-policy,/mandates/wellcome_uk-2021-02-13.pdf,80%,80%,79%,74%
Swedish Research Council,https://www.vr.se/english/applying-for-funding/requirements-terms-and-conditions/publishing-open-access.html,/mandates/vr_se-2024-08-24-en.pdf,89%,90%,90%,74%
"National Health and Medical Research Council, Australia",https://www.nhmrc.gov.au/file/18478/download?token=xCagap4H,/mandates/nhmrc_au-2022-09-19.pdf,75%,81%,85%,70%
US Department of Agriculture,https://www.usda.gov/sites/default/files/documents/USDA-Public-Access-Implementation-Plan.pdf,/mandates/usda-2021-02-13.pdf,90%,90%,90%,88%
Research Foundation (Flanders),https://www.fwo.be/en/general-regulations/,/mandates/fwo_be-2021-02-13-en.pdf,81%,82%,82%,66%
Netherlands Organisation for Scientific Research,https://www.nwo.nl/en/open-access-publishing,/mandates/nwo_nl-2021-02-13-en.pdf,96%,96%,96%,94%
Austrian Science Fund,https://www.fwf.ac.at/en/research-funding/open-access-policy/open-access-to-peer-reviewed-publications,/mandates/fwf_at-2021-01-04-en.pdf,93%,94%,94%,89%
"Research Grants Council, Hong Kong",https://www.ugc.edu.hk/doc/eng/rgc/form/DAMA202006.pdf,/mandates/rgc_hk-2021-02-13.pdf,56%,58%,57%,53%
Government of Argentina,https://www.argentina.gob.ar/normativa/nacional/ley-26899-223459/texto,/mandates/gov_ar-2021-10-30-es.pdf,54%,59%,53%,65%
Research Council of Norway,https://www.forskningsradet.no/contentassets/68f87c2b3b8f4ef58d83943f2047081a/publikasjoner-krav-forskningsradet-oppdatert-13.11.2020.pdf,/mandates/rcn_no-2021-01-04-no.pdf,87%,88%,88%,83%
UK Research & Innovation,https://www.ukri.org/wp-content/uploads/2022/07/UKRI-28072022-Final_UKRI-Open-Access-Policy_Version-1.5_July-2022.pdf,/mandates/ukri_uk-2022-12-21.pdf,93%,94%,94%,92%
Academy of Finland,https://www.aka.fi/en/research-funding/responsible-science/open-science/academy-policies-on-open-science/open-access-to-scientific-publications/,/mandates/academy_fi-2021-06-01-en.pdf,95%,95%,96%,90%
UK Biotechnology and Biological Sciences Research Council,https://www.ukri.org/wp-content/uploads/2022/07/UKRI-28072022-Final_UKRI-Open-Access-Policy_Version-1.5_July-2022.pdf,/mandates/ukri_uk-2022-12-21.pdf,76%,66%,59%,83%
"Department of Biotechnology, India",http://www.dst.gov.in/sites/default/files/APPROVED%20OPEN%20ACCESS%20POLICY-DBT%26DST%2812.12.2014%29_1.pdf,/mandates/dbt_in-2021-02-13.pdf,66%,63%,60%,68%
US Department of Veterans Affairs,https://www.research.va.gov/resources/policies/public_access.cfm,/mandates/va-2021-02-13.pdf,71%,71%,70%,68%
"National Science Centre, Poland",https://ncn.gov.pl/sites/default/files/pliki/zarzadzenia-dyrektora/zarzadzenieDyr-38_2020_ang.pdf,/mandates/nsc_pl-2021-02-13-en.pdf,84%,84%,84%,83%
Japan Science and Technology Agency,https://www.jst.go.jp/EN/about/openscience/policy_openscience_en_r4.pdf,/mandates/jst_jp-2022-04-01-en.pdf,78%,79%,78%,74%
Fundação de Amparo à Pesquisa do Estado de São Paulo,https://fapesp.br/12592/anexo-i-politica-para-acesso-aberto-as-publicacoes-resultantes-de-auxilios-e-bolsas-fapesp,/mandates/fapesp_br-2021-10-29-pt.pdf,63%,65%,64%,64%
UK Economic and Social Research Council,https://www.ukri.org/wp-content/uploads/2022/07/UKRI-28072022-Final_UKRI-Open-Access-Policy_Version-1.5_July-2022.pdf,/mandates/ukri_uk-2022-12-21.pdf,94%,94%,94%,90%
Science Foundation Ireland,https://www.sfi.ie/funding/sfi-policies-and-guidance/open-research/SFIs-Open-Access-Policy-V.3.-04.05.2021.pdf,/mandates/sfi_ie-2021-02-08.pdf,80%,80%,82%,83%
UK Science and Technology Facilities Council,https://www.ukri.org/wp-content/uploads/2022/07/UKRI-28072022-Final_UKRI-Open-Access-Policy_Version-1.5_July-2022.pdf,/mandates/ukri_uk-2022-12-21.pdf,97%,97%,98%,96%
UK Natural Environment Research Council,https://www.ukri.org/wp-content/uploads/2022/07/UKRI-28072022-Final_UKRI-Open-Access-Policy_Version-1.5_July-2022.pdf,/mandates/ukri_uk-2022-12-21.pdf,94%,94%,95%,93%
Bill & Melinda Gates Foundation,https:://gatesfoundation.org/How-We-Work/General-Information/Open-Access-Policy,/mandates/gates-2021-02-13.pdf,95%,95%,95%,94%
Cancer Research UK,https://www.cancerresearchuk.org/sites/default/files/policy_on_open_access.pdf,/mandates/cancerresearchuk-2021-02-13.pdf,69%,67%,63%,60%
Howard Hughes Medical Institute,https://hhmicdn.blob.core.windows.net/policies/Open-Access-To-Publications-Policy,/mandates/hhmi-2021-02-13-post-2020.pdf,95%,95%,95%,93%
"Social Sciences and Humanities Research Council, Canada",http://www.science.gc.ca/eic/site/063.nsf/eng/h_F6765465.html,/mandates/sshrc_ca-2021-02-13-en.pdf,59%,62%,66%,51%
"National Institute of Health and Medical Research, France",,/mandates/inserm_fr-2018-01-28-fr.pdf,92%,93%,92%,85%
Scientific and Technological Research Council of Turkey,https://acikveri.ulakbim.gov.tr/wp-content/uploads/2019/03/TUBITAK-Open-Sciency-Policy.pdf,/mandates/tubitak_tr-2021-02-13-en.pdf,1%,1%,1%,1%
"National Research Foundation, South Africa",https://chelsa.ac.za/wp-content/uploads/2018/12/NRF_open_access_-statement_19Jan2015_V6.pdf,/mandates/nrf_za-2021-02-13-en.pdf,50%,55%,56%,50%
"Ministry of Education, Science and Technological Development of the Republic of Serbia",https://open.ac.rs/images/doc/Open-Science-Policy-Serbia.pdf,/mandates/mestd_rs-2021-02-13-en.pdf,82%,85%,86%,83%
Helmholtz Association,https://os.helmholtz.de/en/open-science-in-the-helmholtz-association/eng-open-access/open-access-policies/open-access-policy-of-the-initiative-and-networking-fund-2016/,/mandates/helmholtz_de-2021-02-13-en.pdf,91%,91%,93%,88%
US National Oceanic and Atmospheric Administration,https://www.glerl.noaa.gov/review2016/reviewer_docs/NOAA_PARR_Plan_v5.04.pdf,/mandates/noaa-2021-02-13.pdf,70%,70%,57%,67%
British Heart Foundation,https://www.bhf.org.uk/research/research-grants/managing-your-grant/open-access-policy.aspx,/mandates/bhf_uk-2021-02-13.pdf,68%,67%,60%,57%
Danish Council for Independent Research,https://dff.dk/en/about-us/goals-and-policies/open-access-policy,/mandates/dff_dk-2021-02-13-en.pdf,71%,74%,72%,63%
Fonds de recherche du Québec - Santé,https://frq.gouv.qc.ca/app/uploads/2022/06/politique-libre-acces-revisee_vf.pdf,/mandates/frqs_ca-2022-06-29-fr.pdf,83%,81%,81%,79%
Slovenian Research Agency,https://www.gov.si/assets/ministrstva/MIZS/Dokumenti/ZNANOST/Strategije/National-strategy-of-open-access-to-scientific-publications-and-research-data-in-Slovenia-2015-2020.pdf,/mandates/arrs_si-2021-02-13-en.pdf,88%,89%,89%,84%
American Heart Association,https://professional.heart.org/en/research-programs/aha-research-policies-and-awardee-hub/open-science-policy-statements-for-aha-funded-research,/mandates/aha-2021-02-13.pdf,74%,76%,73%,74%
"National Office for Research, Development and Innovation, Hungary",https://nih.gov.hu/download.php?docID=31469,/mandates/nkfih_hu-2021-02-13-hu.pdf,91%,91%,89%,90%
"National Fund for Scientific Research, Belgium",https://www.frs-fnrs.be/docs/Reglement_OPEN_ACCESS_EN.pdf,/mandates/fnrs_be-2021-02-13-en.pdf,89%,89%,89%,83%
Hungarian Scientific Research Fund,,/mandates/otka_hu-2018-01-28-hu.pdf,90%,92%,91%,83%
Knut and Alice Wallenberg Foundation,https://kaw.wallenberg.org/en/funding-guide/grant-policy,/mandates/kaw_se-2021-02-13-en.pdf,94%,95%,94%,91%
Netherlands Organisation for Health Research and Development,https://www.zonmw.nl/fileadmin/zonmw/documenten/Gezondheidsbescherming/Open_Access/Open_Access_Policy_ZonMw_2021..pdf,/mandates/zonmw_nl-2021-02-13-en.pdf,62%,56%,54%,74%
Indian Council of Agricultural Research,http://eprints.cmfri.org.in/9665/1/Open_Access_Policy_of_ICAR.pdf,/mandates/icar_in-2021-02-13.pdf,70%,69%,63%,73%
"National Research Foundation, Singapore",https://www.nrf.gov.sg/docs/default-source/default-document-library/annex-a---general-template-of-tncs-for-competitive-grants.pdf,/mandates/nrf_sg-2021-03-31.pdf,58%,58%,55%,51%
"Swedish Research Council for Environment, Agricultural Sciences and Spatial Planning",https://www.formas.se/download/18.45054898176f6b353dd3c14/1610549889109/Instructions%20for%20scientific%20publication.pdf,/mandates/formas_se-2021-02-13-en.pdf,94%,94%,94%,87%
"Department of International Development, UK",https://assets.publishing.service.gov.uk/government/uploads/system/uploads/attachment_data/file/181176/DFIDResearch-Open-and-Enhanced-Access-Policy.pdf,/mandates/dfid_uk-2021-02-13.pdf,93%,94%,93%,93%
"A*Star, Singapore",https://www.a-star.edu.sg/docs/librariesprovider1/default-document-library/research/funding-opportunities/bep-2020/astar-grants-terms-and-conditions-v2-0.pdf,/mandates/astar_sg-2021-02-13.pdf,76%,75%,72%,73%
Royal Society UK,https://royalsociety.org/grants-schemes-awards/grants/about-grants/,/mandates/royal_society_uk-2021-10-03.pdf,91%,92%,92%,91%
Danish National Research Foundation,https://www.dg.dk/filer/fonden/open_access/Final%20Open%20Access%20policy%20English.pdf,/mandates/dnrf_dk-2021-02-13-en.pdf,88%,90%,90%,82%
US Department of Transportation,https://www.transportation.gov/sites/dot.gov/files/docs/Official%20DOT%20Public%20Access%20Plan%20ver%201.1.pdf,/mandates/dot-2021-02-13.pdf,58%,58%,52%,57%
Hungarian Academy of Sciences,http://real.mtak.hu/eprints/mandate.html,/mandates/mta_hu-2021-02-13-en.pdf,86%,89%,90%,80%
US Department of Education,https://ies.ed.gov/funding/pdf/EDPlanPolicyDevelopmentGuidanceforPublicAccess.pdf,/mandates/used-2021-02-13.pdf,22%,19%,14%,17%
US Agency for International Development,https://www.usaid.gov/sites/default/files/2022-05/USAID_PublicAccessPlan.pdf,/mandates/usaid-2021-02-13.pdf,91%,92%,90%,90%
UK Arts & Humanities Research Council,https://www.ukri.org/wp-content/uploads/2022/07/UKRI-28072022-Final_UKRI-Open-Access-Policy_Version-1.5_July-2022.pdf,/mandates/ukri_uk-2022-12-21.pdf,85%,87%,86%,81%
"Swedish Council for Health, Labor and Welfare",https://forte.se/en/funding/ongoing-grants/open-access/policy-publication-open-access/,/mandates/forte_se-2021-02-13-en.pdf,93%,94%,94%,86%
CGIAR,https://cgspace.cgiar.org/bitstream/handle/10947/4488/Open%20Access%20Data%20Management%20Policy.pdf?sequence=1&isAllowed=y,/mandates/cgiar_int-2021-02-13.pdf,95%,97%,97%,95%
Genome Canada,https://genomecanada.ca/wp-content/uploads/2022/05/gcdatasharingpolicies16-09-23-1.pdf,/mandates/genomecanada_ca-2022-07-11.pdf,85%,84%,87%,71%
Gordon and Betty Moore Foundation,https://www.moore.org/docs/default-source/Grantee-Resources/open-access-policy-2017.pdf,/mandates/moore-2021-02-13.pdf,94%,95%,92%,94%
Volkswagen Foundation,https://www.volkswagenstiftung.de/sites/default/files/downloads/funding_principles_2014.pdf,/mandates/volkswagen_de-2021-02-13-en.pdf,77%,79%,82%,72%
State of Califonia,https://leginfo.legislature.ca.gov/faces/billPdf.xhtml?bill_id=201720180AB2192&version=20170AB219293CHP,/mandates/state_ca-2021-02-13.pdf,91%,90%,89%,89%
Villum Foundation,https://veluxfoundations.dk/en/open-acces-engelsk,/mandates/villum_dk-2021-02-13-en.pdf,86%,86%,86%,82%
US Institute of Education Sciences,https://ies.ed.gov/funding/researchaccess.asp,/mandates/ies-2021-02-13.pdf,61%,54%,34%,44%
Irish Research Council,https://research.ie/assets/uploads/2017/05/IRC_Open_Access_Policy_Final.pdf,/mandates/irc_ie_2021-02-13.pdf,87%,89%,89%,82%
Fraunhofer-Gesellschaft,https://www.fraunhofer.de/content/dam/zv/en/documents/OpenAccessPolicy_tcm63-828.pdf,/mandates/fraunhofer_de-2021-02-13-en.pdf,77%,76%,78%,70%
Human Frontier Science Program,https://www.hfsp.org/sites/default/files/HFSP-OA-04042014_3.pdf,/mandates/hfsp_int-2021-10-23.pdf,92%,95%,95%,92%
Innovation Fund Denmark,https://innovationsfonden.dk/sites/default/files/2019-02/gs19_open-access-policy-for-public-research-councils-and-foundations.pdf,/mandates/innovation_dk-2021-02-13-en.pdf,83%,86%,83%,80%
Heart and Stroke Foundation of Canada,https://www.heartandstroke.ca/-/media/research/docs/heart--stroke--open-access-to-research-outputs-policy--guidelines.ashx?rev=d2ab8ccd46e8414485b435eca99939c6,/mandates/hsf_ca-2021-02-13-en.pdf,79%,82%,83%,76%
Fonds de recherche du Québec - Nature et technologies,https://frq.gouv.qc.ca/app/uploads/2022/06/politique-libre-acces-revisee_vf.pdf,/mandates/frqnt_ca-2022-06-29-fr.pdf,77%,75%,75%,76%
"National Medical Research Council, Singapore",https://www.nmrc.gov.sg/docs/default-source/policies-and-guidelines-library/nmrc-research-grant-terms-and-conditions55c115a14a90471a8c38c925765fe8df.pdf,/mandates/nmrc_sg-2021-02-13.pdf,71%,70%,65%,64%
AIRC Foundation for Cancer Research in Italy,https://www.direzionescientifica.airc.it/wp-content/uploads/2020/01/Open_access_statement_En.pdf,/mandates/airc_it-2021-02-13-en.pdf,91%,92%,90%,90%
"Versus Arthritis, UK",https://www.versusarthritis.org/research/information-for-researchers/information-for-research-award-holders/open-access-and-travel-support/,/mandates/versus_arthritis_uk-2021-02-13.pdf,67%,69%,65%,57%
World Health Organization,https://www.who.int/about/policies/publishing/open-access,/mandates/who-2021-02-13.pdf,61%,59%,56%,72%
"Banking Foundation ""la Caixa""",87%,88%,89%,85%
Patient-Centered Outcomes Research Institute,https://www.pcori.org/sites/default/files/PCORI-Policy-Public-Access-to-Journal-Articles-Presenting-Findings-from-PCORI-funded-Research.pdf,/mandates/pcori-2021-02-13.pdf,62%,60%,59%,59%
Belgian Science Policy Office,https://www.belspo.be/belspo/openscience/POLICY/StratOA20171220_Combo_en.pdf,/mandates/belspo_be-2021-10-31.pdf,83%,84%,84%,81%
Dutch Cancer Society,https://www.kwf.nl/onderzoek/financieringsinformatie/open-access,/mandates/kwf_nl-2021-02-13-nl.pdf,97%,96%,97%,94%
"International Development Research Centre, Canada",https://www.idrc.ca/en/open-access-policy-idrc-funded-project-outputs,/mandates/idrc_ca-2021-02-13-en.pdf,87%,88%,87%,88%
John D. and Catherine T. MacArthur Foundation,https://www.macfound.org/about/our-policies/intellectual-property/,/mandates/macfound-2021-02-13.pdf,88%,88%,88%,85%
Swiss Cancer League,https://www.krebsforschung.ch/forschungsfoerderung/wie-reiche-ich-ein-forschungsgesuch-ein/-dl-/fileadmin/downloads/forschungsfoerderung/information-sheet-grants-KFS.pdf,/mandates/scl_ch-2021-02-13-en.pdf,88%,87%,87%,80%
"Health Research Board, Ireland",https://www.hrb.ie/fileadmin/1._Non-plugin_related_files/RSF_files/Policies_and_principles/Grant_Policies/HRB_Policy_on_Open_Access.pdf,/mandates/hrb_ie-2021-02-13.pdf,92%,92%,90%,87%
Fondazione Cariplo,http://www.fondazionecariplo.it/static/upload/pol/policy_open_access_en.pdf,/mandates/carpilo_it-2021-02-13-en.pdf,91%,92%,89%,84%
"Vinnova, Sweden",https://www.vinnova.se/globalassets/huvudsajt/sok-finansiering/regler-och-villkor/dokument/anvisning-for-oppen-tillgang-till-vetenskapliga-publikationer.pdf,/mandates/vinnova_se-2022-07-02-sv.pdf,87%,86%,86%,86%
Research Council of Lithuania,https://www.e-tar.lt/rs/legalact/dceeeb10e05711e59cc8b27b54efaf6e/format/ISO_PDF/,/mandates/lmt_lt-2021-02-13-lt.pdf,79%,81%,79%,76%
"Cancer Prevention Research Institute of Texas, USA",https://www.cprit.state.tx.us/media/2030/policy_and_procedure_guide_062019.pdf,/mandates/cprit_us-2021-08-14.pdf,75%,80%,76%,76%
Leibniz Association,https://www.leibniz-gemeinschaft.de/fileadmin/user_upload/Bilder_und_Downloads/Forschung/Open_Science/Open_Access_Policy_web.pdf,/mandates/leibniz_de-2021-02-13.pdf,93%,92%,96%,88%
Chan Zuckerberg Initiative,https://apply.chanzuckerberg.com/protected/r/FkmBTc_C-GJ6iD28zx8OmOsdaPy2PuBOoop6XVdBjVQXJiEN1YUV0x9rvIPadde10QzxP_FbLnqIAxfA9EfpPQ==/CZI_Grant_Policies_-_EOSS-6.pdf,/mandates/czi_us-2023-08-22.pdf,85%,85%,85%,84%
Juvenile Diabetes Research Foundation,https://grantcenter.jdrf.org/information-for-awardees/admin-resources/,/mandates/jdrf_us-2021-02-13.pdf,63%,66%,61%,63%
"Fondazione Telethon, Italy",https://www.telethon.it/en/what-we-do/supporting-research-and-patients/supporting-research/open-access/open-access-policy/,/mandates/telethon_it-2021-02-13-en.pdf,69%,66%,60%,58%
Canada First Research Excellence Fund,http://www.science.gc.ca/eic/site/063.nsf/eng/h_F6765465.html,/mandates/canada_first_ca-2021-02-13-en.pdf,68%,73%,80%,69%
Finnish Funding Agency for Innovation,,/mandates/tekes_fi-2018-01-28-fi.pdf,94%,92%,96%,76%
"Chief Scientist Office, Scottish Executive",https://www.cso.scot.nhs.uk/outputs/cso-open-access-policy/,/mandates/cso_uk-2022-04-17.pdf,68%,61%,54%,46%
Luxembourg National Research Fund,https://storage.fnr.lu/index.php/s/bfSqYc8bLBAJrjz/download,/mandates/fnr_lu-2021-02-13-post-2021-en.pdf,93%,91%,91%,89%
Ministry of Business Innovation and Employment,https://www.mbie.govt.nz/dmsdocument/25644-mbie-open-research-policy,/mandates/mbie_nz-2022-11-23.pdf,-,75%,80%,79%
Business Finland,https://avointiede.fi/sites/default/files/2020-03/openaccess2019.pdf,/mandates/business_fi_2021-10-26-en.pdf,93%,92%,91%,91%
Dutch Heart Foundation,https://professionals.hartstichting.nl/onze-missie/goed-onderzoek/data-en-infrastructuur/open-acces,/mandates/dhf_nl-2021-02-13-nl.pdf,97%,98%,97%,95%
Doris Duke Charitable Foundation,https://www.ddcf.org/siteassets/funding-areas/medical-research/documents/ddcf-med-research-policies-guidelines.pdf,/mandates/doris_duke_found_2022_12_21.pdf,72%,76%,77%,71%
Robert Wood Johnson Foundation,https://www.rwjf.org/en/about-rwjf/our-policies/policy-for-open-access.html,/mandates/rwjf-2021-02-13.pdf,87%,87%,86%,84%
Michael J Fox Foundation,https://www.michaeljfox.org/sites/default/files/media/document/MJFF%20Open%20Access%20Publication%20Policy_0.pdf,/mandates/mjff-2021-02-13.pdf,90%,91%,92%,89%
European Molecular Biology Laboratory,https://www.embl.org/about/info/szilard-library/wp-content/uploads/2020/10/IP-66-EMBL-Open-Access-Policy.pdf,/mandates/embl_de-2021-02-13-en.pdf,71%,68%,66%,67%
Danish Council for Strategic Research,https://www.dg.dk/filer/fonden/open_access/Final%20Open%20Access%20policy%20English.pdf,/mandates/dsf_dk-2021-02-13-en.pdf,79%,80%,81%,57%
Ford Foundation,https://www.fordfoundation.org/the-latest/news/ford-foundation-expands-creative-commons-licensing-for-all-grant-funded-projects/,/mandates/ford-2021-02-13.pdf,82%,81%,77%,79%
Canadian Cancer Society,https://cancer.ca/en/research/for-researchers/managing-your-grant/open-access-policy,/mandates/ccs_ca-2021-02-13.pdf,78%,80%,87%,80%
Carlsberg Foundation DK,https://www.carlsbergfondet.dk/en/Grant-holder/Politikker/Open-Access-policy,/mandates/carlsberg_foundation_dk-2021-10-03.pdf,71%,70%,69%,67%
"Leducq Foundation, USA",https://www.fondationleducq.org/wp-content/uploads/2016/06/Leducq-Research-Agreement-2016-A4.pdf,/mandates/leducq_us-2021-08-20.pdf,70%,69%,66%,66%
Royal Netherlands Academy of Arts and Sciences,https://storage.knaw.nl/2022-06/open-access-and-digital-preservation-eng.pdf,/mandates/knaw_nl-2022-07-11-en.pdf,71%,69%,68%,58%
Polish National Agency for Academic Exchange,https://nawa.gov.pl/images/Ulam/Ulam_2021/5-Regulamin-EN.pdf,/mandates/nawa_pl-2021-11-06-en.pdf,87%,83%,84%,83%
"Medical Research Future Fund, Australia",https://business.gov.au/-/media/grants-and-programs/mrff-atsmb/mrff-atsmb-grant-opportunity-guidelines-pdf.ashx,/mandates/mrff_au-2021-11-06.pdf,82%,87%,89%,85%
Alzheimers's UK,https://www.alzheimers.org.uk/sites/default/files/2020-10/AS_open-access-policy.pdf,/mandates/alzheimer_uk-2021-02-13.pdf,66%,65%,64%,63%
Icelandic Centre for Research,https://en.rannis.is/activities/open-access/,/mandates/rannis_is-2021-02-13-en.pdf,82%,84%,81%,80%
Michael Smith Foundation for Health Research,https://www.msfhr.org/wp-content/uploads/2021/06/2022_Scholar_Conditions_of_Award.pdf,/mandates/msf_ca_2022-07-11.pdf,83%,83%,86%,81%
Susan G. Komen,https://www.komen.org/uploadedFiles/Content/ResearchGrants/GrantPrograms/FY14%20Grant%20Policies%20Procedures.pdf,/mandates/susan_komen_found_us-2022-07-22.pdf,77%,75%,72%,73%
Bank of Sweden Tercentenary Foundation,https://www.rj.se/en/about-rj2/work-methods/policy-for-open-access/research-results/,/mandates/rj_se-2022-22-12-en.pdf,91%,91%,93%,82%
Arnold Ventures LLC,,/mandates/arnold_ventures_us-2021-02-13.pdf,82%,71%,72%,76%
US Office of the Director of National Intelligence,https://www.iarpa.gov/images/pdfs/ODNI_Public_Access_Plan_Sept_2016.pdf,/mandates/odni-2021-02-13.pdf,62%,62%,59%,56%
Danish Council for Technology and Innovation,https://www.dg.dk/filer/fonden/open_access/Final%20Open%20Access%20policy%20English.pdf,/mandates/dcti_dk-2021-02-13-en.pdf,83%,81%,84%,57%
Fonds de recherche du Quebec Societe et culture,https://frq.gouv.qc.ca/app/uploads/2022/06/politique-libre-acces-revisee_vf.pdf,/mandates/frqsc_ca-2022-06-29-fr.pdf,77%,71%,70%,73%
Wellcome Trust/DBT India Alliance,https://indiaalliance.org/applicants/award-conditions,/mandates/wellcome-dbt_uk-2022-07-12.pdf,67%,67%,60%,64%
"Higher Education Authority, Ireland",https://enterprise.gov.ie/en/Publications/Publication-files/National-Framework-on-the-Transition-to-an-Open-Research-Environment.pdf,/mandates/hea_ie-2021-10-26.pdf,92%,90%,91%,81%
Nordforsk,https://www.nordforsk.org/sites/default/files/documents/2020/Standard%20Terms%20and%20Conditions.pdf,/mandates/nordforsk_int-2021-10-24.pdf,86%,88%,89%,84%
"Autism Speaks Inc, USA",https://www.autismspeaks.org/sites/default/files/2018-09/treatment-grant-request-for-applications.pdf,/mandates/autismspeaks_us-2021-02-13.pdf,66%,68%,64%,63%
"Department of Agriculture, Food and the Marine, Ireland",https://assets.gov.ie/118822/f83a8ab4-dd0d-4f0e-940f-ecb2700a6759.pdf,/mandates/dafm_ie_2021_02_13.pdf,61%,63%,52%,57%
Hewlett Foundation,https://www.hewlett.org/helping-good-ideas-go-further/,/mandates/hewlett-2021-02-13.pdf,89%,92%,92%,90%
US Administration for Community Living,https://www.acl.gov/sites/default/files/about-acl/2017-06/ACL-PublicAcccessPlan-UpdatedJune2017.pdf,/mandates/acl-2021-02-13.pdf,48%,46%,47%,40%
Parkinson's UK,https://www.parkinsons.org.uk/sites/default/files/2020-11/Open%20Access%20policy%20and%20FAQs%20November%202020%20%281%29.pdf,/mandates/parkinsons_uk-2021-02-13.pdf,71%,67%,67%,60%
Ontario Institute for Cancer Research,http://www.science.gc.ca/eic/site/063.nsf/eng/h_F6765465.html,/mandates/oicr_ca-2021-10-22-en.pdf,77%,77%,84%,69%
"Vienna Science and Technology Fund, Austria",https://wiki.wwtf.at/books/open-science-policy/page/open-science-policy-gultig-ab-932022,/mandates/wwtf_at-2021-08-14-en.pdf,81%,85%,82%,79%
Damon Runyon Cancer Research Foundation,https://www.damonrunyon.org/sites/default/files/Frey%20Award%20Statement%20-%20June%202019_3.pdf,/mandates/damon_runyan_us-2021-02-13.pdf,76%,79%,79%,78%
European & Developing Countries Clinical Trials Partnership,http://www.edctp.org/web/app/uploads/2022/02/EDCTP2_policy_on_registering_and_reporting_clinical_studies-v2.pdf,/mandates/edctp_eu-2022-04-17.pdf,76%,71%,68%,70%
"V Foundation, USA",,/mandates/vcancer_us-2021-02-13.pdf,78%,80%,75%,78%
Diabetes UK,https://www.diabetes.org.uk/resources-s3/2017-09/policy%2520-%2520open%2520access%2520-%2520nov%25202014.docx,/mandates/diabetes_uk-2021-02-13.pdf,67%,65%,57%,59%
"Health Data Research, UK",https://www.hdruk.ac.uk/about-us/policies/open-access-statement/,/mandates/health_data_uk-2021-08-20.pdf,73%,68%,69%,68%
Swedish Environmental Protection Agency,https://www.naturvardsverket.se/contentassets/ef398cdea3d945bb8aff8c8903b30655/instructions-for-applicants-programme-2021-v-2021-10-04.pdf,/mandates/epa_se-2021-02-13-en.pdf,97%,93%,95%,87%
"Parkinson's Foundation, USA",https://www.parkinson.org/advancing-research/finding-cure/public-access-policy,/mandates/parkinson_us-2022-12-21.pdf,62%,70%,70%,64%
Swedish Foundation for Strategic Environmental Research,https://mistra.org/om-mistra/,/mandates/mistra_se-2022-12-26.pdf,92%,94%,94%,85%
"AXA Research Fund, France",https://arfv2.cdn.axa-contento-118412.eu/arfv2%2Fa29a5cf8-3514-4e98-a756-e89d277c4a25_open+acess+policy.pdf,/mandates/axa_fr-2021-03-31-en.pdf,93%,95%,91%,92%
Kone Foundation,https://koneensaatio.fi/en/grants/forgrantrecipients/acceptance-and-use-of-the-grant/,/mandates/kone_fi-2022-12-26-en.pdf,93%,91%,93%,92%
"Knowledge Foundation, Sweden",https://www.kks.se/ansokan-och-bedomning/oppen-tillgang-till-forskningsresultat-open-access/,/mandates/knowledge_found_se-2022-12-26-sv.pdf,88%,88%,78%,83%
"Dunhill Medical Trust, UK",https://dunhillmedical.org.uk/wp-content/uploads/2016/12/OA-policy_July14.pdf,/mandates/dunhill_uk-2021-02-13.pdf,68%,67%,61%,57%
"Grand Challenges, Canada",https://www.grandchallenges.ca/wp-content/uploads/globalaccesspolicy_2012Apr04_EN.pdf,/mandates/grandchallenges_ca-2023-03-22.pdf,78%,84%,86%,74%
"Worldwide Cancer Research, UK",https://www.worldwidecancerresearch.org/media/1589/20191001openaccesspolicyfinal.pdf,/mandates/worldwidecancer_uk-2021-02-13.pdf,70%,71%,59%,65%
African Academy of Sciences,https://www.aasciences.africa/policies/open-access-and-publishing-policy,/mandates/aas_int-2021-02-13.pdf,95%,91%,95%,93%
Marianne and Marcus Wallenberg Foundation,https://mmw.wallenberg.org/en/funding-guide,/mandates/mmw_se-2021-02-13-en.pdf,92%,95%,93%,90%
"National Centre for the Replacement, Refinement and Reduction of Animals in Research, UK",https://www.nc3rs.org.uk/reporting-requirements-and-publications,/mandates/nc3rs_uk-2022-07-08.pdf,76%,81%,73%,70%
Blood Cancer UK,https://bloodcancer.org.uk/research/open-access/,/mandates/bloodcancer_uk-2021-02-13.pdf,72%,73%,59%,68%
Swiss Cancer Foundation,https://www.krebsforschung.ch/forschungsfoerderung/wie-reiche-ich-ein-forschungsgesuch-ein/-dl-/fileadmin/downloads/forschungsfoerderung/information-sheet-grants-KFS.pdf,/mandates/scf_ch-2021-02-13-en.pdf,85%,85%,89%,82%
"Florida Department of Health, USA",http://www.floridahealth.gov/provider-and-partner-resources/research/Grant%20Manual%20FINAL.pdf,/mandates/florida_health_us-2021-03-31.pdf,65%,69%,70%,68%
"Breast Cancer Now, UK",https://breastcancernow.org/sites/default/files/revised_bcn_open_access_policy_sept_16_0.pdf,/mandates/breastcancernow_uk-2021-02-13.pdf,74%,66%,65%,68%
"Motor Neurone Disease Association, UK",https://www.mndassociation.org/research/for-researchers/resources-for-researchers/europe-pmc-open-access/,/mandates/mnda_uk-2021-02-13.pdf,69%,60%,70%,60%
"Ministry of Health, Singapore",https://www.moh.gov.sg/docs/librariesprovider5/research-grants/terms-and-conditions-of-a-competitive-grant_tcmrg-(jan-2017).pdf,/mandates/ministry_health_sg-2021-12-05.pdf,74%,72%,71%,69%
Swedish National Space Agency,https://www.rymdstyrelsen.se/contentassets/4e7109961dbf4b5abd71c40914e060db/research-calls-in-spring-2019.pdf,/mandates/snsa_se-2022-01-23-en.pdf,98%,95%,99%,95%
Templeton World Charity Foundation,https://www.templetonworldcharity.org/open-access-policy,/mandates/templeton_found-2021-02-13.pdf,92%,92%,93%,90%
Prostate Cancer UK,https://prostatecanceruk.org/research/for-researchers/for-grant-holders,/mandates/prostate-cancer_uk-2021-02-13.pdf,62%,64%,64%,52%
Alex's Lemonade Stand,https://www.alexslemonade.org/sites/default/files/images/2020/alsf_resource_sharing_policy.pdf,/mandates/al_stand_found_us-2021-08-21.pdf,91%,92%,96%,92%
"Aligning Science Across Parksinson's, USA",https://parkinsonsroadmap.org/open-access-policy/,/mandates/asap-2021-02-13.pdf,91%,94%,94%,91%
Danish National Advanced Technology Foundation,https://www.dg.dk/filer/fonden/open_access/Final%20Open%20Access%20policy%20English.pdf,/mandates/dnatf_dk-2021-02-13-en.pdf,79%,75%,83%,50%
"Academy of Medical Sciences, UK",https://acmedsci.ac.uk/file-download/38304-57dbc41c3335b.pdf,/mandates/acmedsci_uk-2021-02-13.pdf,60%,57%,54%,59%
Health and Care Research Wales,https://healthandcareresearchwales.org/sites/default/files/2022-03/Health_and_Care_Research_Wales_Open_Access_Policy_2022_eng.pdf,/mandates/health_care_wales_uk-2022-04-17.pdf,73%,62%,54%,56%
"World Cancer Researh Fund, UK",https://www.wcrf.org/sites/default/files/wcrf-grants-terms-conditions-2019.pdf,/mandates/wrcf_uk-2021-03-31.pdf,94%,94%,96%,93%
"Environmental Protection Agency, Ireland",hhttps://www.epa.ie/our-services/research/epa-research-2030/strategies-and-policies/open-access-policy/,/mandates/epa_ie-2022-12-26.pdf,91%,94%,91%,86%
Multiple Sclerosis Society of Canada,https://mssociety.ca/library/document/Ue1EAmktGxz6lyHgFKhfQSD3LXsnqVdO/original.pdf,/mandates/ms_society_ca-2021-02-13.pdf,76%,79%,88%,76%
Melanoma Research Alliance,https://www.curemelanoma.org/assets/Uploads/TermsandConditions2021.pdf,/mandates/melanoma_alliance_us-2021-08-21.pdf,70%,74%,63%,69%
"Yorkshire Cancer Research, UK",https://www.yorkshirecancerresearch.org.uk/perch/resources/admin/policies-for-awards-2021-final.pdf,/mandates/yorkshirecancer_uk-2021-02-13.pdf,71%,74%,70%,67%
Prostate Cancer Canada,,/mandates/prostatecancercanada-2021-02-13.pdf,78%,80%,95%,76%
Marcus and Amalia Wallenberg Foundation,https://maw.wallenberg.org/en/funding-guide,/mandates/maw_se-2021-02-13-en.pdf,89%,95%,92%,90%
Children's Investment Fund Foundation,https://ciff.org/wp-content/uploads/2019/09/CIFF_TransparencyPolicy_ImplementationGuide_310117-1.pdf,/mandates/ciff_found-2022-05-14.pdf,98%,98%,96%,94%
"Multiple Sclerosis Society, UK",https://www.mssociety.org.uk/sites/default/files/2020-09/Award-conditions-and-policies.pdf,/mandates/mssociety_uk-2021-02-13.pdf,56%,47%,56%,48%
"Lymphoma Research Foundation, USA",https://lymphoma.org/wp-content/uploads/2018/05/LRF-Master-Policy-TC-Research-Grants-generic-2019.pdf,/mandates/lymphoma_us-2021-02-13.pdf,85%,71%,72%,71%
US Assistant Secretary for Preparedness and Response,https://sparcopen.org/wp-content/uploads/2016/04/ASPRAccessPlan.pdf,/mandates/phe-2021-02-13.pdf,71%,78%,60%,63%
"Brain Tumour Charity, UK",https://assets.thebraintumourcharity.org/live/media/filer_public/3a/13/3a13c7d4-2f5d-499f-8bb5-82beef3dcb69/terms_and_conditions_of_award_for_research_grants_v8_24042015_website.pdf,/mandates/brain_tumour_uk-2021-03-31.pdf,98%,98%,97%,95%
"Pancreatic Cancer Action Network, USA",https://www.pancan.org/wp-content/uploads/2014/04/Public-Access-Publication-Policy.pdf,/mandates/pancan_us-2021-02-13.pdf,71%,81%,75%,77%
Champalimaud Foundation,https://www.fchampalimaud.org/champalimaud-research/about-cr/open-access-policy,/mandates/fchampalimaud_pt-2022-07-08.pdf,93%,98%,95%,91%
Canadian Foundation for Healthcare Improvement,,/mandates/cfhi_ca-2018-01-28-en.pdf,63%,68%,89%,76%
Swiss Federal Office for the Environment,https://www.bafu.admin.ch/dam/bafu/en/dokumente/elektrosmog/fachinfo-daten/Funding%20of%20research%20on%20the%20effects%20of%20non-ionising%20radiation%20on%20health%20and%20the%20environment.pdf.download.pdf/Funding%20of%20research%20on%20the%20effects%20of%20non-ionising%20radiation%20on%20health%20and%20the%20environment%20(In%20English).pdf,/mandates/foen_ch-2023-02-22.pdf,93%,91%,90%,92%
"Dam Foundation, Norway",https://dam.no/krav-om-apen-publisering-av-vitenskapelige-artikler/,/mandates/dam_no-2021-10-24-no.pdf,95%,98%,95%,94%
"Ministry of Science and Higher Education, Ethiopia",https://www.codataatg.or.ke/sites/default/files/OA-Policy-11-Oct-2019.pdf,/mandates/moshe_et-2021-02-13.pdf,89%,84%,86%,85%
"Brain Research, UK",https://uploads-ssl.webflow.com/5d03644bbebda845c6bba4d1/5fa12e3fa80d2cf9b522a312_BRUK%20project%20grant%20terms%20and%20conditions%20April%202020.pdf,/mandates/brain_research_uk-2021-04-01.pdf,95%,97%,96%,96%
Foundation for Baltic and East European Studies,https://ostersjostiftelsen.se/en/for-researchers/open-access/,/mandates/oster_sv-2021-02-13-en.pdf,89%,85%,88%,80%
"Children's Tumor Foundation, USA",https://docs.google.com/document/d/11ZxqnX8E8_boLyCd1uh364wKOktQNyBlLQoIm4vPMDM/edit,/mandates/children_tumor_found_us-2021-02-13.pdf,94%,89%,85%,88%
MQ Mental Health Research,https://www.mqmentalhealth.org/wp-content/uploads/2020-MQ-Open-Access-Policy.pdf,/mandates/mq_mental_health_uk-2021-09-30.pdf,79%,69%,52%,66%
American Brain Tumor Association,https://www.abta.org/wp-content/uploads/2020/10/2021-ABTA-Policies-and-Procedures.pdf,/mandates/american_brain_tumor_us-2021-08-21.pdf,69%,80%,81%,76%
Austrian Partnership Programme in Higher Education & Research for Development,https://appear.at/en/implementation/open-access/,/mandates/appear_at-2021-02-13-en.pdf,84%,86%,76%,89%
"Action on Hearing Loss, UK",,/mandates/actionhearing_uk-2018-01-28.pdf,67%,64%,17%,64%
"Pancreatic Cancer, UK",https://www.pancreaticcancer.org.uk/wp-content/uploads/2020/09/open-access-policy-2019-1.pdf,/mandates/pancreatic-cancer-uk-2021-8-14.pdf,65%,79%,53%,61%
"The Donaghue Foundation, USA",https://donaghue.org/wp-content/uploads/Public-Access-Policy.pdf,/mandates/donaghue_us-2021-02-13.pdf,55%,57%,52%,63%
"LUNGevity Foundation, USA",https://www.lungevity.org/about-us/financial-legal-disclosures/public-access-to-research-policy,/mandates/lungevity_us-2021-02-13.pdf,73%,78%,67%,77%
"Alberta Conservation Association, Canada",https://www.ab-conservation.com/grants/grants-in-biodiversity/recipients/,/mandates/alberta_conservation_ca-2021-10-03.pdf,80%,87%,88%,83%
"Lung Cancer Research Foundation, USA",https://www.lungcancerresearchfoundation.org/wp-content/uploads/RFP-2020ResearchGrantDisparitiesLungCancerFINAL.pdf,/mandates/lrcf_us-2021-02-13.pdf,73%,79%,75%,76%
"Jules Thorn Trust, UK",https://julesthorntrust.org.uk/wp-content/uploads/2019/04/SJTCT-Open-Access-Publishing-Policy.pdf,/mandates/jules_thorn_uk-2021-04-18.pdf,98%,98%,93%,94%
"Stroke Association, UK",https://www.stroke.org.uk/sites/default/files/form_pg6_project_grant_conditions_of_award_2015_16_1.pdf,/mandates/stroke_uk-2021-02-13.pdf,50%,61%,48%,53%
"National Environment Agency, Singapore",https://www.nea.gov.sg/docs/default-source/envision/tncs-for-competitive-grants-(uss-if).pdf,/mandates/nea_sg-2021-12-05.pdf,63%,48%,45%,41%
"Marie Curie Cancer Care, UK",https://www.mariecurie.org.uk/globalassets/media/documents/research/funding-for-research/marie-curie-oa-policy-2020.pdf,/mandates/mariecurie_uk-2021-02-13.pdf,73%,88%,50%,59%
Swedish Farmers' Foundation for Agricultural Research,https://static-lantbruksforskning.s3-eu-west-1.amazonaws.com/uploads/attachments/handbook_layout_final.pdf,/mandates/lantbruksforskning_se-2021-10-03-en.pdf,93%,93%,100%,95%
"Arcadia Fund, UK",https://www.arcadiafund.org.uk/open-access-digital-preservation-policy,/mandates/arcadia_uk-2021-02-13.pdf,75%,96%,100%,86%
Abdul Latif Jameel Poverty Action Lab,https://www.povertyactionlab.org/sites/default/files/Award%20Requirements%20and%20Set%20Up%20Process.pdf,/mandates/poverty_lab_us-2021-12-05.pdf,98%,92%,93%,93%
"Autism Science Foundation, USA",https://autismsciencefoundation.org/grantee-resources/,/mandates/autism_science_us-2022-07-11.pdf,97%,100%,97%,93%
Citizen’s United for Research in Epilepsy,https://www.cureepilepsy.org/wp-content/uploads/2019/09/CURE-Grant-Policy.pdf,/mandates/cure_found_us-2021-10-04.pdf,75%,55%,65%,70%
"Children’s Cancer and Leukaemia Group, UK",https://www.cclg.org.uk/write/MediaUploads/Research/Documents/CCLG_Grant_Terms_and_Conditions_-_November_2016.pdf,/mandates/cclg_uk-2021-12-05.pdf,88%,94%,96%,93%
"British Orthopaedic Association, UK",,/mandates/british_orthopedic_uk-2021-04-18.pdf,75%,93%,75%,79%
"Royal National Institute for Deaf People, UK",https://rnid.org.uk/wp-content/uploads/2020/11/OpenAccessPolicy2020.pdf,/mandates/rnid_uk-2021-02-13.pdf,69%,72%,53%,63%
ME Research UK,https://www.meresearch.org.uk/wp-content/uploads/2021/07/Standard-Grant-Conditions-2021.pdf,/mandates/me_research_uk-2021-10-03.pdf,78%,50%,60%,54%
Swedish-Norwegian Foundation for Equine Research,https://hastnaringen.se/app/uploads/sites/5/2019/03/handbookshf-190328.pdf,/mandates/hastforskning_se-2021-10-24.pdf,82%,93%,100%,87%
Berit Wallenberg Foundation,https://bws.wallenberg.org/anslagsguide,/mandates/berit_wallenberg_se-2021-10-03-se.pdf,83%,100%,100%,85%
"National Health Innovation Centre, Singapore",https://nhic.sg/web/images/NHIC/documents/NRFCentralGap/IE_Terms_and_Conditions_V2.0_1.pdf,/mandates/nhic_sg-2021-12-05.pdf,85%,67%,60%,74%
"European Hematology Association, Netherlands",https://ehaweb.org/assets/EHA-Research-Grants-Terms-Conditions-2020.pdf,/mandates/eha_nl-2021-08-14-en.pdf,67%,67%,60%,61%
"Myrovlytis Trust, UK",https://www.myrovlytistrust.org/wp-content/uploads/2011/06/Open-Access-Policy-20122.pdf,/mandates/myrovlytis_uk-2021-02-13.pdf,100%,40%,67%,59%
"Tuberous Sclerosis Alliance, USA",https://www.tsalliance.org/wp-content/uploads/2019/03/TS-Alliance-Open-Science-Policy-Approved.pdf,/mandates/tuberous_sclerosis_us-2021-02-13.pdf,100%,88%,83%,77%
Huntington Society of Cansda,https://www.huntingtonsociety.ca/wp-content/uploads/2021/04/NAVIGATOR-2021-Terms-of-Reference-Web.pdf,/mandates/huntington_society_ca-2021-08-20.pdf,100%,100%,75%,87%
"Workforce Development Applied Research Fund, Singapore",https://www.ial.edu.sg/getmedia/ba01ec87-23b8-42f0-bccf-49f104446830/2022-WDARF-Admin-Guidelines_Final.pdf,/mandates/wdarf_sg-2022-12-26.pdf,69%,56%,41%,59%
"de Beaumont Foundation, USA",https://debeaumont.org/wp-content/uploads/2019/05/Grant-Policies-and-Procedures-2017.pdf,/mandates/beaumont_us-2021-03-31.pdf,86%,100%,100%,85%
"Medical Research Foundation, UK",https://www.medicalresearchfoundation.org.uk/uploads/Medical-Research-Foundation-Open-Access-Policy.pdf,/mandates/mrf_uk-2022-07-01.pdf,82%,67%,57%,63%
International FOP Association,https://www.ifopa.org/tags/research_page,/mandates/ifopa_us-2021-08-14.pdf,83%,43%,83%,75%
"Target Ovarian Cancer, UK",https://targetovariancancer.org.uk/research/our-policies,/mandates/toc_uk_2021_02_13.pdf,63%,70%,25%,46%
NBIA Disorders Association,https://www.lipidmaps.org/fundingopportunities/2017NBIAGrantApplication-BPAN-FAHN.doc,/mandates/nbia_us_2022-07-02.doc,50%,75%,57%,62%
Coeliac UK,https://www.coeliac.org.uk/document-library/6966-grant-terms-and-condtions/grant-terms-and-conditions-june-2021.pdf,/mandates/coeliac_uk-2021-12-05.pdf,100%,67%,50%,63%
Siegel Rare Neuroimmune Association,https://wearesrna.org/apply-to-srnas-progress-grant-for-nmosd/,/mandates/srna_found_us-2021-10-04.pdf,80%,100%,43%,69%
"Human Milk Foundation, UK",,/mandates/human_milk_uk-2021-12-05.pdf,100%,-,100%,80%
"Lymph&Co Foundation, NL",https://www.lymph-co.com/wp-content/uploads/2021/04/Terms-and-conditions-LymphCo-2021.pdf,/mandates/lymph_co_found_nl-2021-12-05.pdf,-,100%,-,100%
"Grace Kelly Childhood Cancer Trust, UK",https://www.gkcct.org/wp-content/uploads/2022/09/GKCCT-Research-Terms-and-Conditions-2022-1.pdf,/mandates/gkelly_cancer_uk-2022-12-26.pdf,-,100%,-,100%
